frame,cls,conf,x,y,w,h
85.0,0.0,0.6411604285240173,15.476794242858887,151.72816467285156,30.93868064880371,114.58792114257812
86.0,0.0,0.6403137445449829,15.451436996459961,151.72726440429688,30.8878173828125,114.57965850830078
87.0,0.0,0.45655399560928345,18.124675750732422,147.60678100585938,36.14490509033203,109.81475830078125
