frame,cls,conf,x,y,w,h
52.0,0.0,0.3067809045314789,1226.026611328125,309.98907470703125,107.94677734375,100.562255859375
117.0,0.0,0.41549187898635864,229.0082550048828,459.4119567871094,457.2636413574219,126.68487548828125
118.0,0.0,0.7526732683181763,246.0609588623047,458.39495849609375,490.2053527832031,126.1405029296875
119.0,0.0,0.27335458993911743,250.1163787841797,457.720458984375,498.9340515136719,124.578125
