frame,cls,conf,x,y,w,h
9.0,0.0,0.32826074957847595,36.83176803588867,137.94744873046875,73.54639434814453,44.10509490966797
10.0,0.0,0.5876935124397278,52.97865295410156,126.66423034667969,89.20703125,66.67153930664062
12.0,0.0,0.32444635033607483,250.02362060546875,117.56267547607422,43.1024169921875,37.64802551269531
13.0,0.0,0.3119176924228668,250.01730346679688,117.47187042236328,43.05804443359375,37.88417053222656
29.0,0.0,0.7395140528678894,182.61248779296875,104.84109497070312,38.320281982421875,44.973388671875
30.0,0.0,0.404685914516449,181.5447235107422,102.69548034667969,37.508880615234375,42.060150146484375
31.0,0.0,0.46903881430625916,181.61502075195312,102.69358825683594,37.61639404296875,42.122955322265625
32.0,0.0,0.4908078610897064,180.7786102294922,99.92593383789062,37.627777099609375,38.483917236328125
33.0,0.0,0.2718712389469147,177.90997314453125,98.4026107788086,40.50701904296875,36.43748474121094
