frame,cls,conf,x,y,w,h
94.0,0.0,0.661266565322876,214.79080200195312,113.1729736328125,79.09573364257812,31.189453125
95.0,0.0,0.7080633640289307,214.82022094726562,113.07972717285156,78.946044921875,31.00579071044922
96.0,0.0,0.807954728603363,213.40341186523438,112.21133422851562,75.88572692871094,29.78485870361328
