frame,cls,conf,x,y,w,h
83.0,0.0,0.2724146246910095,298.93377685546875,105.85601806640625,42.1324462890625,22.373931884765625
