frame,cls,conf,x,y,w,h
186.0,0.0,0.5514460802078247,228.193359375,62.62580108642578,63.08447265625,17.974639892578125
187.0,0.0,0.6862925291061401,226.73699951171875,62.74192810058594,60.2366943359375,17.525238037109375
188.0,0.0,0.3178526759147644,224.89842224121094,62.897186279296875,55.311737060546875,17.378631591796875
194.0,0.0,0.46361997723579407,197.32135009765625,62.68889236450195,77.34466552734375,19.30292510986328
195.0,0.0,0.49494844675064087,196.6862335205078,62.72730255126953,74.91290283203125,18.93939208984375
196.0,0.0,0.5176578164100647,195.37664794921875,62.81581115722656,73.09170532226562,19.052871704101562
197.0,0.0,0.2845243811607361,194.6890106201172,62.82880783081055,69.27310180664062,18.995277404785156
198.0,0.0,0.2747044563293457,193.4254150390625,62.7275390625,66.873291015625,18.682510375976562
