frame,cls,conf,x,y,w,h
124.0,0.0,0.5581353306770325,1229.2393798828125,265.5564880371094,101.446533203125,99.69805908203125
